"","Id","When","Cal","Alberta","BritishColumbia","Manitoba","NewBrunswick","NewfoundlandAndLabrador","NovaScotia","Ontario","PrinceEdwardIsland","Quebec","Saskatchewan","ModifiedDate"
"1",64425,"1/1/1992 12:00:00 AM","Wheat excluding durum",NA,NA,NA,NA,129.46,NA,152.13,144.57,128.58,NA,"8/7/2020 9:08:35 AM"
"2",64426,"2/1/1992 12:00:00 AM","Wheat excluding durum",NA,NA,NA,NA,147.08,NA,160.09,146.4,133.5,NA,"8/7/2020 9:08:35 AM"
"3",64427,"3/1/1992 12:00:00 AM","Wheat excluding durum",NA,NA,NA,NA,149.76,NA,159.4,140.62,134.09,NA,"8/7/2020 9:08:35 AM"
"4",64428,"4/1/1992 12:00:00 AM","Wheat excluding durum",NA,NA,NA,NA,143.49,NA,153.45,147.47,133.28,NA,"8/7/2020 9:08:35 AM"
"5",64429,"5/1/1992 12:00:00 AM","Wheat excluding durum",NA,NA,NA,NA,146.05,NA,153.05,147.19,141.72,NA,"8/7/2020 9:08:35 AM"
"6",64430,"6/1/1992 12:00:00 AM","Wheat excluding durum",NA,NA,NA,NA,145.14,NA,153.1,151.68,134.85,NA,"8/7/2020 9:08:35 AM"
"7",64431,"7/1/1992 12:00:00 AM","Wheat excluding durum",NA,NA,NA,NA,151.52,NA,153.52,150.7,126.89,NA,"8/7/2020 9:08:35 AM"
"8",64432,"8/1/1992 12:00:00 AM","Wheat excluding durum",NA,NA,NA,NA,143.46,NA,149.46,142.12,130.13,NA,"8/7/2020 9:08:35 AM"
"9",64433,"9/1/1992 12:00:00 AM","Wheat excluding durum",NA,NA,NA,NA,135.42,NA,156.52,141.57,118.16,NA,"8/7/2020 9:08:35 AM"
"10",64434,"10/1/1992 12:00:00 AM","Wheat excluding durum",NA,NA,NA,NA,140.51,NA,153.02,131.18,118.8,NA,"8/7/2020 9:08:35 AM"
"11",64435,"11/1/1992 12:00:00 AM","Wheat excluding durum",NA,NA,NA,NA,139.62,NA,151.87,131.18,117.95,NA,"8/7/2020 9:08:35 AM"
"12",64436,"12/1/1992 12:00:00 AM","Wheat excluding durum",NA,NA,NA,NA,144.41,NA,149.53,131.18,120.93,NA,"8/7/2020 9:08:35 AM"
"13",64437,"1/1/1993 12:00:00 AM","Wheat excluding durum",NA,NA,NA,NA,143.94,NA,142.7,143.77,143.65,NA,"8/7/2020 9:08:35 AM"
"14",64438,"2/1/1993 12:00:00 AM","Wheat excluding durum",NA,NA,NA,NA,141.22,NA,183.37,140.1,127.07,NA,"8/7/2020 9:08:35 AM"
"15",64439,"3/1/1993 12:00:00 AM","Wheat excluding durum",NA,NA,NA,NA,141.22,NA,145.47,139.82,125.83,NA,"8/7/2020 9:08:35 AM"
"16",64440,"4/1/1993 12:00:00 AM","Wheat excluding durum",NA,NA,NA,NA,102.05,NA,173.92,134.37,120.56,NA,"8/7/2020 9:08:35 AM"
"17",64441,"5/1/1993 12:00:00 AM","Wheat excluding durum",NA,NA,NA,NA,92.96,NA,183.52,137.2,123,NA,"8/7/2020 9:08:35 AM"
"18",64442,"6/1/1993 12:00:00 AM","Wheat excluding durum",NA,NA,NA,NA,115.73,NA,167.59,141.77,111.75,NA,"8/7/2020 9:08:35 AM"
"19",64443,"7/1/1993 12:00:00 AM","Wheat excluding durum",NA,NA,NA,NA,108,NA,182.3,143.7,130.43,NA,"8/7/2020 9:08:35 AM"
"20",64444,"8/1/1993 12:00:00 AM","Wheat excluding durum",NA,NA,NA,NA,100,NA,165,153.78,128.67,NA,"8/7/2020 9:08:35 AM"
"21",64445,"9/1/1993 12:00:00 AM","Wheat excluding durum",NA,NA,NA,NA,96.25,NA,212.03,154.17,128.43,NA,"8/7/2020 9:08:35 AM"
"22",64446,"10/1/1993 12:00:00 AM","Wheat excluding durum",NA,NA,NA,NA,132.86,NA,223.34,157.75,138,NA,"8/7/2020 9:08:35 AM"
"23",64447,"11/1/1993 12:00:00 AM","Wheat excluding durum",NA,NA,NA,NA,132.86,NA,196.17,159.63,137.69,NA,"8/7/2020 9:08:35 AM"
"24",64448,"12/1/1993 12:00:00 AM","Wheat excluding durum",NA,NA,NA,NA,132.86,NA,258.73,160.94,142.07,NA,"8/7/2020 9:08:35 AM"
"25",64449,"1/1/1994 12:00:00 AM","Wheat excluding durum",NA,NA,NA,NA,166.91,NA,258.92,168.65,154.44,NA,"8/7/2020 9:08:35 AM"
"26",64450,"2/1/1994 12:00:00 AM","Wheat excluding durum",NA,NA,NA,NA,175.34,NA,179.15,167.94,147.25,NA,"8/7/2020 9:08:35 AM"
"27",64451,"3/1/1994 12:00:00 AM","Wheat excluding durum",NA,NA,NA,NA,168.5,NA,145.4,167.58,153.33,NA,"8/7/2020 9:08:35 AM"
"28",64452,"4/1/1994 12:00:00 AM","Wheat excluding durum",NA,NA,NA,NA,171.67,NA,148.65,174.09,157.5,NA,"8/7/2020 9:08:35 AM"
"29",64453,"5/1/1994 12:00:00 AM","Wheat excluding durum",NA,NA,NA,NA,174.61,NA,217.54,169.22,151.25,NA,"8/7/2020 9:08:35 AM"
"30",64454,"6/1/1994 12:00:00 AM","Wheat excluding durum",NA,NA,NA,NA,174.82,NA,183.49,166.61,160.5,NA,"8/7/2020 9:08:35 AM"
"31",64455,"7/1/1994 12:00:00 AM","Wheat excluding durum",NA,NA,NA,NA,170.42,NA,171.15,168.5,142.14,NA,"8/7/2020 9:08:35 AM"
"32",64456,"8/1/1994 12:00:00 AM","Wheat excluding durum",NA,NA,NA,NA,164.41,NA,168.99,165.31,147.5,NA,"8/7/2020 9:08:35 AM"
"33",64457,"9/1/1994 12:00:00 AM","Wheat excluding durum",NA,NA,NA,NA,165.92,NA,184.05,166.84,147.97,NA,"8/7/2020 9:08:35 AM"
"34",64458,"10/1/1994 12:00:00 AM","Wheat excluding durum",NA,NA,NA,NA,176.39,NA,189.42,172.64,151.58,NA,"8/7/2020 9:08:35 AM"
"35",64459,"11/1/1994 12:00:00 AM","Wheat excluding durum",NA,NA,NA,NA,176.41,NA,197.41,173.81,156.84,NA,"8/7/2020 9:08:35 AM"
"36",64460,"12/1/1994 12:00:00 AM","Wheat excluding durum",NA,NA,NA,NA,175.12,NA,198.95,174.98,164.41,NA,"8/7/2020 9:08:35 AM"
"37",64461,"1/1/1995 12:00:00 AM","Wheat excluding durum",NA,NA,NA,NA,206.41,NA,198.95,181.17,168.78,NA,"8/7/2020 9:08:35 AM"
"38",64462,"2/1/1995 12:00:00 AM","Wheat excluding durum",NA,NA,NA,NA,194.28,NA,198.95,184.26,170.43,NA,"8/7/2020 9:08:35 AM"
"39",64463,"3/1/1995 12:00:00 AM","Wheat excluding durum",NA,NA,NA,NA,188.99,NA,198.95,182.14,171.81,NA,"8/7/2020 9:08:35 AM"
"40",64464,"4/1/1995 12:00:00 AM","Wheat excluding durum",NA,NA,NA,NA,171.41,NA,186.41,188.92,172.74,NA,"8/7/2020 9:08:35 AM"
"41",64465,"5/1/1995 12:00:00 AM","Wheat excluding durum",NA,NA,NA,NA,188.91,NA,186.41,190.18,170.72,NA,"8/7/2020 9:08:35 AM"
"42",64466,"6/1/1995 12:00:00 AM","Wheat excluding durum",NA,NA,NA,NA,196.41,NA,204.92,185.63,178.8,NA,"8/7/2020 9:08:35 AM"
"43",64467,"7/1/1995 12:00:00 AM","Wheat excluding durum",NA,NA,NA,NA,196.41,NA,204.92,185.63,192.55,NA,"8/7/2020 9:08:35 AM"
"44",64468,"8/1/1995 12:00:00 AM","Wheat excluding durum",NA,NA,NA,NA,215.55,NA,227.4,204.78,213.74,NA,"8/7/2020 9:08:35 AM"
"45",64469,"9/1/1995 12:00:00 AM","Wheat excluding durum",NA,NA,NA,NA,220.04,NA,227.4,210.97,215.2,NA,"8/7/2020 9:08:35 AM"
"46",64470,"10/1/1995 12:00:00 AM","Wheat excluding durum",NA,NA,NA,NA,236.92,NA,227.4,218.52,216.73,NA,"8/7/2020 9:08:35 AM"
"47",64471,"11/1/1995 12:00:00 AM","Wheat excluding durum",NA,NA,NA,NA,198.57,NA,213.32,224.02,234.33,NA,"8/7/2020 9:08:35 AM"
"48",64472,"12/1/1995 12:00:00 AM","Wheat excluding durum",NA,NA,NA,NA,238.32,NA,225.12,230.62,239.55,NA,"8/7/2020 9:08:35 AM"
"49",64473,"1/1/1996 12:00:00 AM","Wheat excluding durum",NA,NA,NA,NA,239.32,NA,230.17,238.79,239.87,NA,"8/7/2020 9:08:35 AM"
"50",64474,"2/1/1996 12:00:00 AM","Wheat excluding durum",NA,NA,NA,NA,239.32,NA,230.17,244.69,247.54,NA,"8/7/2020 9:08:35 AM"
"51",64475,"3/1/1996 12:00:00 AM","Wheat excluding durum",NA,NA,NA,NA,239.32,NA,238.32,217.64,261.45,NA,"8/7/2020 9:08:35 AM"
"52",64476,"4/1/1996 12:00:00 AM","Wheat excluding durum",NA,NA,NA,NA,239.32,NA,251.81,242.04,259.62,NA,"8/7/2020 9:08:35 AM"
"53",64477,"5/1/1996 12:00:00 AM","Wheat excluding durum",NA,NA,NA,NA,239.32,NA,248.32,243.74,287.65,NA,"8/7/2020 9:08:35 AM"
"54",64478,"6/1/1996 12:00:00 AM","Wheat excluding durum",NA,NA,NA,NA,239.32,NA,248.32,244.59,299.05,NA,"8/7/2020 9:08:35 AM"
"55",64479,"7/1/1996 12:00:00 AM","Wheat excluding durum",NA,NA,NA,NA,239.32,NA,266.32,249.75,283.81,NA,"8/7/2020 9:08:35 AM"
"56",64480,"8/1/1996 12:00:00 AM","Wheat excluding durum",NA,NA,NA,NA,189.34,NA,247.33,208.49,219.07,NA,"8/7/2020 9:08:35 AM"
"57",64481,"9/1/1996 12:00:00 AM","Wheat excluding durum",NA,NA,NA,NA,193.16,NA,221.91,209.5,215.68,NA,"8/7/2020 9:08:35 AM"
"58",64482,"10/1/1996 12:00:00 AM","Wheat excluding durum",NA,NA,NA,NA,193.16,NA,210.41,206.76,205.63,NA,"8/7/2020 9:08:35 AM"
"59",64483,"11/1/1996 12:00:00 AM","Wheat excluding durum",NA,NA,NA,NA,193.16,NA,201.83,204.09,202.83,NA,"8/7/2020 9:08:35 AM"
"60",64484,"12/1/1996 12:00:00 AM","Wheat excluding durum",NA,NA,NA,NA,194.34,NA,201.91,205.66,195.93,NA,"8/7/2020 9:08:35 AM"
"61",64485,"1/1/1997 12:00:00 AM","Wheat excluding durum",NA,NA,NA,NA,196.84,NA,201.91,207.59,188.48,NA,"8/7/2020 9:08:35 AM"
"62",64486,"2/1/1997 12:00:00 AM","Wheat excluding durum",NA,NA,NA,NA,196.84,NA,206.8,203.81,189.53,NA,"8/7/2020 9:08:35 AM"
"63",64487,"3/1/1997 12:00:00 AM","Wheat excluding durum",NA,NA,NA,NA,199.34,NA,206.83,196.89,187.74,NA,"8/7/2020 9:08:35 AM"
"64",64488,"4/1/1997 12:00:00 AM","Wheat excluding durum",NA,NA,NA,NA,196.84,NA,204.33,201.5,183.46,NA,"8/7/2020 9:08:35 AM"
"65",64489,"5/1/1997 12:00:00 AM","Wheat excluding durum",NA,NA,NA,NA,189.34,NA,201.83,205.09,179.31,NA,"8/7/2020 9:08:35 AM"
"66",64490,"6/1/1997 12:00:00 AM","Wheat excluding durum",NA,NA,NA,NA,199.34,NA,206.83,197.62,167.68,NA,"8/7/2020 9:08:35 AM"
"67",64491,"7/1/1997 12:00:00 AM","Wheat excluding durum",NA,NA,NA,NA,189.34,NA,206.83,199.31,174.55,NA,"8/7/2020 9:08:35 AM"
"68",64492,"8/1/1997 12:00:00 AM","Wheat excluding durum",NA,NA,NA,NA,171.71,NA,186.75,177.37,172.91,NA,"8/7/2020 9:08:35 AM"
"69",64493,"9/1/1997 12:00:00 AM","Wheat excluding durum",NA,NA,NA,NA,167.71,NA,187.75,169.87,176.77,NA,"8/7/2020 9:08:35 AM"
"70",64494,"10/1/1997 12:00:00 AM","Wheat excluding durum",NA,NA,NA,NA,186.21,NA,192.75,173.37,175.86,NA,"8/7/2020 9:08:35 AM"
"71",64495,"11/1/1997 12:00:00 AM","Wheat excluding durum",NA,NA,NA,NA,184.21,NA,187.75,171.87,171.3,NA,"8/7/2020 9:08:35 AM"
"72",64496,"12/1/1997 12:00:00 AM","Wheat excluding durum",NA,NA,NA,NA,180.21,NA,190.25,178.87,181.28,NA,"8/7/2020 9:08:35 AM"
"73",64497,"1/1/1998 12:00:00 AM","Wheat excluding durum",NA,NA,NA,NA,186.81,NA,194.27,167.82,176.26,NA,"8/7/2020 9:08:35 AM"
"74",64498,"2/1/1998 12:00:00 AM","Wheat excluding durum",NA,NA,NA,NA,186.81,NA,187.9,173.05,177.22,NA,"8/7/2020 9:08:35 AM"
"75",64499,"3/1/1998 12:00:00 AM","Wheat excluding durum",NA,NA,NA,NA,186.81,NA,171.97,177.64,173.49,NA,"8/7/2020 9:08:35 AM"
"76",64500,"4/1/1998 12:00:00 AM","Wheat excluding durum",NA,NA,NA,NA,160,NA,197.45,179.17,171.06,NA,"8/7/2020 9:08:35 AM"
"77",64501,"5/1/1998 12:00:00 AM","Wheat excluding durum",NA,NA,NA,NA,186.81,NA,175,165,171.01,NA,"8/7/2020 9:08:35 AM"
"78",64502,"6/1/1998 12:00:00 AM","Wheat excluding durum",NA,NA,NA,NA,186.81,NA,183,169,171.03,NA,"8/7/2020 9:08:35 AM"
"79",64503,"7/1/1998 12:00:00 AM","Wheat excluding durum",NA,NA,NA,NA,186.81,NA,161,176.11,168.4,NA,"8/7/2020 9:08:35 AM"
"80",64504,"8/1/1998 12:00:00 AM","Wheat excluding durum",NA,NA,NA,NA,144.44,NA,149.35,122.08,151.91,NA,"8/7/2020 9:08:35 AM"
"81",64505,"9/1/1998 12:00:00 AM","Wheat excluding durum",NA,NA,NA,NA,136.11,NA,132.03,121.83,158.77,NA,"8/7/2020 9:08:35 AM"
"82",64506,"10/1/1998 12:00:00 AM","Wheat excluding durum",NA,NA,NA,NA,150,NA,128.79,152.05,160.07,NA,"8/7/2020 9:08:35 AM"
"83",64507,"11/1/1998 12:00:00 AM","Wheat excluding durum",NA,NA,NA,NA,194.44,NA,140.69,154.97,151.82,NA,"8/7/2020 9:08:35 AM"
"84",64508,"12/1/1998 12:00:00 AM","Wheat excluding durum",NA,NA,NA,NA,183.33,NA,171,148.39,145.18,NA,"8/7/2020 9:08:35 AM"
"85",64509,"1/1/1999 12:00:00 AM","Wheat excluding durum",NA,NA,NA,NA,144.44,NA,171,173.98,139.01,NA,"8/7/2020 9:08:35 AM"
"86",64510,"2/1/1999 12:00:00 AM","Wheat excluding durum",NA,NA,NA,NA,144.44,NA,173.16,153.51,142.58,NA,"8/7/2020 9:08:35 AM"
"87",64511,"3/1/1999 12:00:00 AM","Wheat excluding durum",NA,NA,NA,NA,155.56,NA,173.16,162.28,142.71,NA,"8/7/2020 9:08:35 AM"
"88",64512,"4/1/1999 12:00:00 AM","Wheat excluding durum",NA,NA,NA,NA,145,NA,168.83,172.51,140.05,NA,"8/7/2020 9:08:35 AM"
"89",64513,"5/1/1999 12:00:00 AM","Wheat excluding durum",NA,NA,NA,NA,144.44,NA,170,171,137.07,NA,"8/7/2020 9:08:35 AM"
"90",64514,"6/1/1999 12:00:00 AM","Wheat excluding durum",NA,NA,NA,NA,144.44,NA,165,167,141.99,NA,"8/7/2020 9:08:35 AM"
"91",64515,"7/1/1999 12:00:00 AM","Wheat excluding durum",NA,NA,NA,NA,144.44,NA,165,153.51,137.46,NA,"8/7/2020 9:08:35 AM"
"92",64516,"8/1/1999 12:00:00 AM","Wheat excluding durum",NA,NA,NA,NA,150.41,NA,166.12,152.72,148.19,NA,"8/7/2020 9:08:35 AM"
"93",64517,"9/1/1999 12:00:00 AM","Wheat excluding durum",NA,NA,NA,NA,171.81,NA,157.72,161.35,153.5,NA,"8/7/2020 9:08:35 AM"
"94",64518,"10/1/1999 12:00:00 AM","Wheat excluding durum",NA,NA,NA,NA,181.82,NA,156.25,161.87,150.48,NA,"8/7/2020 9:08:35 AM"
"95",64519,"11/1/1999 12:00:00 AM","Wheat excluding durum",NA,NA,NA,NA,166.67,NA,150,152.88,142.72,NA,"8/7/2020 9:08:35 AM"
"96",64520,"12/1/1999 12:00:00 AM","Wheat excluding durum",NA,NA,NA,NA,166.67,NA,156.25,153.15,144.66,NA,"8/7/2020 9:08:35 AM"
"97",64521,"1/1/2000 12:00:00 AM","Wheat excluding durum",NA,NA,NA,NA,160.28,NA,156.25,147.15,148.16,NA,"8/7/2020 9:08:35 AM"
"98",64522,"2/1/2000 12:00:00 AM","Wheat excluding durum",NA,NA,NA,NA,151.52,NA,156.25,162.5,139.77,NA,"8/7/2020 9:08:35 AM"
"99",64523,"3/1/2000 12:00:00 AM","Wheat excluding durum",NA,NA,NA,NA,166.67,NA,187.5,157.3,144.98,NA,"8/7/2020 9:08:35 AM"
"100",64524,"4/1/2000 12:00:00 AM","Wheat excluding durum",NA,NA,NA,NA,179.92,NA,181.82,160.56,151.32,NA,"8/7/2020 9:08:35 AM"
"101",64525,"5/1/2000 12:00:00 AM","Wheat excluding durum",NA,NA,NA,NA,151.52,NA,187.5,149.81,138.22,NA,"8/7/2020 9:08:35 AM"
"102",64526,"6/1/2000 12:00:00 AM","Wheat excluding durum",NA,NA,NA,NA,158.54,NA,187.5,155.53,158.35,NA,"8/7/2020 9:08:35 AM"
"103",64527,"7/1/2000 12:00:00 AM","Wheat excluding durum",NA,NA,NA,NA,160.87,NA,173.47,150.73,140.17,NA,"8/7/2020 9:08:35 AM"
"104",64528,"8/1/2000 12:00:00 AM","Wheat excluding durum",NA,NA,NA,NA,143.13,NA,135.06,127.04,143.33,NA,"8/7/2020 9:08:35 AM"
"105",64529,"9/1/2000 12:00:00 AM","Wheat excluding durum",NA,NA,NA,NA,163,NA,152.46,138.21,140.4,NA,"8/7/2020 9:08:35 AM"
"106",64530,"10/1/2000 12:00:00 AM","Wheat excluding durum",NA,NA,NA,NA,146.1,NA,158.33,133.91,148.35,NA,"8/7/2020 9:08:35 AM"
"107",64531,"11/1/2000 12:00:00 AM","Wheat excluding durum",NA,NA,NA,NA,171.21,NA,184.05,144.42,150.07,NA,"8/7/2020 9:08:35 AM"
"108",64532,"12/1/2000 12:00:00 AM","Wheat excluding durum",NA,NA,NA,NA,194.81,NA,181.99,150.49,154.56,NA,"8/7/2020 9:08:35 AM"
"109",64533,"1/1/2001 12:00:00 AM","Wheat excluding durum",NA,NA,NA,NA,184.85,NA,185.15,158.69,144.96,NA,"8/7/2020 9:08:35 AM"
"110",64534,"2/1/2001 12:00:00 AM","Wheat excluding durum",NA,NA,NA,NA,181.82,NA,184.21,164.53,145.04,NA,"8/7/2020 9:08:35 AM"
"111",64535,"3/1/2001 12:00:00 AM","Wheat excluding durum",NA,NA,NA,NA,181.82,NA,193.63,166.95,137.06,NA,"8/7/2020 9:08:35 AM"
"112",64536,"4/1/2001 12:00:00 AM","Wheat excluding durum",NA,NA,NA,NA,190.91,NA,191.3,151.79,144.89,NA,"8/7/2020 9:08:35 AM"
"113",64537,"5/1/2001 12:00:00 AM","Wheat excluding durum",NA,NA,NA,NA,188.17,NA,189.14,165.99,151.4,NA,"8/7/2020 9:08:35 AM"
"114",64538,"6/1/2001 12:00:00 AM","Wheat excluding durum",NA,NA,NA,NA,187.01,NA,194.49,165.99,146.16,NA,"8/7/2020 9:08:35 AM"
"115",64539,"7/1/2001 12:00:00 AM","Wheat excluding durum",NA,NA,NA,NA,190.8,NA,200.27,165.99,150.88,NA,"8/7/2020 9:08:35 AM"
"116",64540,"8/1/2001 12:00:00 AM","Wheat excluding durum",NA,NA,NA,NA,192.83,NA,169.04,150.5,150.24,NA,"8/7/2020 9:08:35 AM"
"117",64541,"9/1/2001 12:00:00 AM","Wheat excluding durum",NA,NA,NA,NA,186.89,NA,172.83,160.88,158.88,NA,"8/7/2020 9:08:35 AM"
"118",64542,"10/1/2001 12:00:00 AM","Wheat excluding durum",NA,NA,NA,NA,200,NA,195.37,157.02,160.21,NA,"8/7/2020 9:08:35 AM"
"119",64543,"11/1/2001 12:00:00 AM","Wheat excluding durum",NA,NA,NA,NA,185,NA,212,166,161.3,NA,"8/7/2020 9:08:35 AM"
"120",64544,"12/1/2001 12:00:00 AM","Wheat excluding durum",NA,NA,NA,NA,190,NA,187.26,175,161.1,NA,"8/7/2020 9:08:35 AM"
"121",64545,"1/1/2002 12:00:00 AM","Wheat excluding durum",NA,NA,NA,NA,190,NA,198.73,179.35,167.65,NA,"8/7/2020 9:08:35 AM"
"122",64546,"2/1/2002 12:00:00 AM","Wheat excluding durum",NA,NA,NA,NA,185,NA,198.94,182.24,175.33,NA,"8/7/2020 9:08:35 AM"
"123",64547,"3/1/2002 12:00:00 AM","Wheat excluding durum",NA,NA,NA,NA,195,NA,222,182.15,182.74,NA,"8/7/2020 9:08:35 AM"
"124",64548,"4/1/2002 12:00:00 AM","Wheat excluding durum",NA,NA,NA,NA,190,NA,200.22,176.17,179.44,NA,"8/7/2020 9:08:35 AM"
"125",64549,"5/1/2002 12:00:00 AM","Wheat excluding durum",NA,NA,NA,NA,184.8,NA,217,186,185.19,NA,"8/7/2020 9:08:35 AM"
"126",64550,"6/1/2002 12:00:00 AM","Wheat excluding durum",NA,NA,NA,NA,206,NA,209,186,182.44,NA,"8/7/2020 9:08:35 AM"
"127",64551,"7/1/2002 12:00:00 AM","Wheat excluding durum",NA,NA,NA,NA,192.34,NA,221,184,192.89,NA,"8/7/2020 9:08:35 AM"
"128",64552,"8/1/2002 12:00:00 AM","Wheat excluding durum",NA,NA,NA,NA,184,NA,180,159,182.41,NA,"8/7/2020 9:08:35 AM"
"129",64553,"9/1/2002 12:00:00 AM","Wheat excluding durum",NA,NA,NA,NA,160,NA,171,158,196.69,NA,"8/7/2020 9:08:35 AM"
"130",64554,"10/1/2002 12:00:00 AM","Wheat excluding durum",NA,NA,NA,NA,166,NA,249,173,209.04,NA,"8/7/2020 9:08:35 AM"
"131",64555,"11/1/2002 12:00:00 AM","Wheat excluding durum",NA,NA,NA,NA,166,NA,250,175,188.87,NA,"8/7/2020 9:08:35 AM"
"132",64556,"12/1/2002 12:00:00 AM","Wheat excluding durum",NA,NA,NA,NA,170,NA,215,175,194.89,NA,"8/7/2020 9:08:35 AM"
"133",64557,"1/1/2003 12:00:00 AM","Wheat excluding durum",NA,NA,NA,NA,180,NA,205,179,188.79,NA,"8/7/2020 9:08:35 AM"
"134",64558,"2/1/2003 12:00:00 AM","Wheat excluding durum",NA,NA,NA,NA,175,NA,203,188,199.79,NA,"8/7/2020 9:08:35 AM"
"135",64559,"3/1/2003 12:00:00 AM","Wheat excluding durum",NA,NA,NA,NA,185,NA,203,185,195.71,NA,"8/7/2020 9:08:35 AM"
"136",64560,"4/1/2003 12:00:00 AM","Wheat excluding durum",NA,NA,NA,NA,199,NA,210,181,197.21,NA,"8/7/2020 9:08:35 AM"
"137",64561,"5/1/2003 12:00:00 AM","Wheat excluding durum",NA,NA,NA,NA,203,NA,214,181,191.1,NA,"8/7/2020 9:08:35 AM"
"138",64562,"6/1/2003 12:00:00 AM","Wheat excluding durum",NA,NA,NA,NA,200,NA,218,183,181.5,NA,"8/7/2020 9:08:35 AM"
"139",64563,"7/1/2003 12:00:00 AM","Wheat excluding durum",NA,NA,NA,NA,200,NA,217,167,179.72,NA,"8/7/2020 9:08:35 AM"
"140",64564,"8/1/2003 12:00:00 AM","Wheat excluding durum",NA,NA,NA,NA,179,NA,186,149,145.89,NA,"8/7/2020 9:08:35 AM"
"141",64565,"9/1/2003 12:00:00 AM","Wheat excluding durum",NA,NA,NA,NA,191,NA,200,162,160.8,NA,"8/7/2020 9:08:35 AM"
"142",64566,"10/1/2003 12:00:00 AM","Wheat excluding durum",NA,NA,NA,NA,200,NA,217,160,144.72,NA,"8/7/2020 9:08:35 AM"
"143",64567,"11/1/2003 12:00:00 AM","Wheat excluding durum",NA,NA,NA,NA,205,NA,199,169,162.89,NA,"8/7/2020 9:08:35 AM"
"144",64568,"12/1/2003 12:00:00 AM","Wheat excluding durum",NA,NA,NA,NA,203,NA,200,173,152.13,NA,"8/7/2020 9:08:35 AM"
"145",64569,"1/1/2004 12:00:00 AM","Wheat excluding durum",NA,NA,NA,NA,190,NA,200,165,152.45,NA,"8/7/2020 9:08:35 AM"
"146",64570,"2/1/2004 12:00:00 AM","Wheat excluding durum",NA,NA,NA,NA,215,NA,200,167,162.55,NA,"8/7/2020 9:08:35 AM"
"147",64571,"3/1/2004 12:00:00 AM","Wheat excluding durum",NA,NA,NA,NA,215,NA,200,167,157.95,NA,"8/7/2020 9:08:35 AM"
"148",64572,"4/1/2004 12:00:00 AM","Wheat excluding durum",NA,NA,NA,NA,210,NA,220,173,166.18,NA,"8/7/2020 9:08:35 AM"
"149",64573,"5/1/2004 12:00:00 AM","Wheat excluding durum",NA,NA,NA,NA,205,NA,222,171,166.37,NA,"8/7/2020 9:08:35 AM"
"150",64574,"6/1/2004 12:00:00 AM","Wheat excluding durum",NA,NA,NA,NA,225,NA,229,171,162.35,NA,"8/7/2020 9:08:35 AM"
"151",64575,"7/1/2004 12:00:00 AM","Wheat excluding durum",NA,NA,NA,NA,235,NA,235,169,171.43,NA,"8/7/2020 9:08:35 AM"
"152",64576,"8/1/2004 12:00:00 AM","Wheat excluding durum",NA,NA,NA,NA,221,NA,225,165,137.33,NA,"8/7/2020 9:08:35 AM"
"153",64577,"9/1/2004 12:00:00 AM","Wheat excluding durum",NA,NA,NA,NA,218,NA,207,153,141.08,NA,"8/7/2020 9:08:35 AM"
"154",64578,"10/1/2004 12:00:00 AM","Wheat excluding durum",NA,NA,NA,NA,175,NA,204,143,142.07,NA,"8/7/2020 9:08:35 AM"
"155",64579,"11/1/2004 12:00:00 AM","Wheat excluding durum",NA,NA,NA,NA,165,NA,180,145,147.03,NA,"8/7/2020 9:08:35 AM"
"156",64580,"12/1/2004 12:00:00 AM","Wheat excluding durum",NA,NA,NA,NA,155,NA,160,144,144.5,NA,"8/7/2020 9:08:35 AM"
"157",64581,"1/1/2005 12:00:00 AM","Wheat excluding durum",NA,NA,NA,NA,145,NA,150,142,134.46,NA,"8/7/2020 9:08:35 AM"
"158",64582,"2/1/2005 12:00:00 AM","Wheat excluding durum",NA,NA,NA,NA,129,NA,150,146,137.66,NA,"8/7/2020 9:08:35 AM"
"159",64583,"3/1/2005 12:00:00 AM","Wheat excluding durum",NA,NA,NA,NA,135,NA,150,148,137.73,NA,"8/7/2020 9:08:35 AM"
"160",64584,"4/1/2005 12:00:00 AM","Wheat excluding durum",NA,NA,NA,NA,140,NA,150,142,125.92,NA,"8/7/2020 9:08:35 AM"
"161",64585,"5/1/2005 12:00:00 AM","Wheat excluding durum",NA,NA,NA,NA,140,NA,150,140,130.8,NA,"8/7/2020 9:08:35 AM"
"162",64586,"6/1/2005 12:00:00 AM","Wheat excluding durum",NA,NA,NA,NA,145,NA,150,150,132.67,NA,"8/7/2020 9:08:35 AM"
"163",64587,"7/1/2005 12:00:00 AM","Wheat excluding durum",NA,NA,NA,NA,145,NA,150,149,130,NA,"8/7/2020 9:08:35 AM"
"164",64588,"8/1/2005 12:00:00 AM","Wheat excluding durum",NA,NA,NA,NA,125,NA,152,128,107.27,NA,"8/7/2020 9:08:35 AM"
"165",64589,"9/1/2005 12:00:00 AM","Wheat excluding durum",NA,NA,NA,NA,120,NA,133,146,111.81,NA,"8/7/2020 9:08:35 AM"
"166",64590,"10/1/2005 12:00:00 AM","Wheat excluding durum",NA,NA,NA,NA,115,NA,130,145,150.88,NA,"8/7/2020 9:08:35 AM"
"167",64591,"11/1/2005 12:00:00 AM","Wheat excluding durum",NA,NA,NA,NA,110,NA,130,145,120.56,NA,"8/7/2020 9:08:35 AM"
"168",64592,"12/1/2005 12:00:00 AM","Wheat excluding durum",NA,NA,NA,NA,105,NA,130,150,126.34,NA,"8/7/2020 9:08:35 AM"
"169",64593,"1/1/2006 12:00:00 AM","Wheat excluding durum",NA,NA,NA,NA,110,NA,135,154,143.92,NA,"8/7/2020 9:08:35 AM"
"170",64594,"2/1/2006 12:00:00 AM","Wheat excluding durum",NA,NA,NA,NA,110,NA,140,142,147.67,NA,"8/7/2020 9:08:35 AM"
"171",64595,"3/1/2006 12:00:00 AM","Wheat excluding durum",NA,NA,NA,NA,110,NA,150,138,162.16,NA,"8/7/2020 9:08:35 AM"
"172",64596,"4/1/2006 12:00:00 AM","Wheat excluding durum",NA,NA,NA,NA,110,NA,165,138,149.99,NA,"8/7/2020 9:08:35 AM"
"173",64597,"5/1/2006 12:00:00 AM","Wheat excluding durum",NA,NA,NA,NA,130,NA,168,185,144.12,NA,"8/7/2020 9:08:35 AM"
"174",64598,"6/1/2006 12:00:00 AM","Wheat excluding durum",NA,NA,NA,NA,140,NA,173,176,146.37,NA,"8/7/2020 9:08:35 AM"
"175",64599,"7/1/2006 12:00:00 AM","Wheat excluding durum",NA,NA,NA,NA,145,NA,175,188,140.28,NA,"8/7/2020 9:08:35 AM"
"176",64600,"8/1/2006 12:00:00 AM","Wheat excluding durum",NA,NA,NA,NA,176,NA,152,160,181.1,NA,"8/7/2020 9:08:35 AM"
"177",64601,"9/1/2006 12:00:00 AM","Wheat excluding durum",NA,NA,NA,NA,170,NA,150,165,171.82,NA,"8/7/2020 9:08:35 AM"
"178",64602,"10/1/2006 12:00:00 AM","Wheat excluding durum",NA,NA,NA,NA,170,NA,170,168,182.06,NA,"8/7/2020 9:08:35 AM"
"179",64603,"11/1/2006 12:00:00 AM","Wheat excluding durum",NA,NA,NA,NA,170,NA,201,180,170.64,NA,"8/7/2020 9:08:35 AM"
"180",64604,"12/1/2006 12:00:00 AM","Wheat excluding durum",NA,NA,NA,NA,180,NA,197,180,180.08,NA,"8/7/2020 9:08:35 AM"
"181",64605,"1/1/2007 12:00:00 AM","Wheat excluding durum",NA,NA,NA,NA,185,NA,205,185,187.83,NA,"8/7/2020 9:08:35 AM"
"182",64606,"2/1/2007 12:00:00 AM","Wheat excluding durum",NA,NA,NA,NA,185,NA,204,190,191.16,NA,"8/7/2020 9:08:35 AM"
"183",64607,"3/1/2007 12:00:00 AM","Wheat excluding durum",NA,NA,NA,NA,190,NA,211,209,189.95,NA,"8/7/2020 9:08:35 AM"
"184",64608,"4/1/2007 12:00:00 AM","Wheat excluding durum",NA,NA,NA,NA,208,NA,218,212,189.87,NA,"8/7/2020 9:08:35 AM"
"185",64609,"5/1/2007 12:00:00 AM","Wheat excluding durum",NA,NA,NA,NA,210,NA,228,212,187.03,NA,"8/7/2020 9:08:35 AM"
"186",64610,"6/1/2007 12:00:00 AM","Wheat excluding durum",NA,NA,NA,NA,180,NA,232,209,188.25,NA,"8/7/2020 9:08:35 AM"
"187",64611,"7/1/2007 12:00:00 AM","Wheat excluding durum",NA,NA,NA,NA,180,NA,230,205,195.2,NA,"8/7/2020 9:08:35 AM"
"188",64612,"8/1/2007 12:00:00 AM","Wheat excluding durum",NA,NA,NA,NA,185,NA,200,175,231.2,NA,"8/7/2020 9:08:35 AM"
"189",64613,"9/1/2007 12:00:00 AM","Wheat excluding durum",NA,NA,NA,NA,185,NA,184,182,253.07,NA,"8/7/2020 9:08:35 AM"
"190",64614,"10/1/2007 12:00:00 AM","Wheat excluding durum",NA,NA,NA,NA,175,NA,196,213,252.04,NA,"8/7/2020 9:08:35 AM"
"191",64615,"11/1/2007 12:00:00 AM","Wheat excluding durum",NA,NA,NA,NA,180,NA,245,221,218.86,NA,"8/7/2020 9:08:35 AM"
"192",64616,"12/1/2007 12:00:00 AM","Wheat excluding durum",NA,NA,NA,NA,190,NA,256,248,244.51,NA,"8/7/2020 9:08:35 AM"
"193",64617,"1/1/2008 12:00:00 AM","Wheat excluding durum",NA,NA,NA,NA,205,NA,248,252,286.27,NA,"8/7/2020 9:08:35 AM"
"194",64618,"2/1/2008 12:00:00 AM","Wheat excluding durum",NA,NA,NA,NA,260,NA,259,246,292.25,NA,"8/7/2020 9:08:35 AM"
"195",64619,"3/1/2008 12:00:00 AM","Wheat excluding durum",NA,NA,NA,NA,292,NA,248,292,296.85,NA,"8/7/2020 9:08:35 AM"
"196",64620,"4/1/2008 12:00:00 AM","Wheat excluding durum",NA,NA,NA,NA,275,NA,284,263,303.95,NA,"8/7/2020 9:08:35 AM"
"197",64621,"5/1/2008 12:00:00 AM","Wheat excluding durum",NA,NA,NA,NA,275,NA,283,261,299.18,NA,"8/7/2020 9:08:35 AM"
"198",64622,"6/1/2008 12:00:00 AM","Wheat excluding durum",NA,NA,NA,NA,260,NA,275,231,303.09,NA,"8/7/2020 9:08:35 AM"
"199",64623,"7/1/2008 12:00:00 AM","Wheat excluding durum",NA,NA,NA,NA,259,NA,281,283,316.46,NA,"8/7/2020 9:08:35 AM"
"200",64624,"8/1/2008 12:00:00 AM","Wheat excluding durum",NA,NA,NA,NA,237,NA,251,274,218,NA,"8/7/2020 9:08:35 AM"
"201",64625,"9/1/2008 12:00:00 AM","Wheat excluding durum",NA,NA,NA,NA,225,NA,249,269,226.27,NA,"8/7/2020 9:08:35 AM"
"202",64626,"10/1/2008 12:00:00 AM","Wheat excluding durum",NA,NA,NA,NA,230,NA,223,266,246.71,NA,"8/7/2020 9:08:35 AM"
"203",64627,"11/1/2008 12:00:00 AM","Wheat excluding durum",NA,NA,NA,NA,250,NA,262,265,257.57,NA,"8/7/2020 9:08:35 AM"
"204",64628,"12/1/2008 12:00:00 AM","Wheat excluding durum",NA,NA,NA,NA,235,NA,243,270,276.04,NA,"8/7/2020 9:08:35 AM"
"205",64629,"1/1/2009 12:00:00 AM","Wheat excluding durum",NA,NA,NA,NA,220,NA,240,280,259.53,NA,"8/7/2020 9:08:35 AM"
"206",64630,"2/1/2009 12:00:00 AM","Wheat excluding durum",NA,NA,NA,NA,228,NA,237,270,240.65,NA,"8/7/2020 9:08:35 AM"
"207",64631,"3/1/2009 12:00:00 AM","Wheat excluding durum",NA,NA,NA,NA,223,NA,231,250,226.11,NA,"8/7/2020 9:08:35 AM"
"208",64632,"4/1/2009 12:00:00 AM","Wheat excluding durum",NA,NA,NA,NA,211,NA,234,240,224.93,NA,"8/7/2020 9:08:35 AM"
"209",64633,"5/1/2009 12:00:00 AM","Wheat excluding durum",NA,NA,NA,NA,211,NA,229,230,230.6,NA,"8/7/2020 9:08:35 AM"
"210",64634,"6/1/2009 12:00:00 AM","Wheat excluding durum",NA,NA,NA,NA,213,NA,243,220,224.79,NA,"8/7/2020 9:08:35 AM"
"211",64635,"7/1/2009 12:00:00 AM","Wheat excluding durum",NA,NA,NA,NA,219,NA,231,219,206.59,NA,"8/7/2020 9:08:35 AM"
"212",64636,"8/1/2009 12:00:00 AM","Wheat excluding durum",NA,NA,NA,NA,210,NA,224,212,154.94,NA,"8/7/2020 9:08:35 AM"
"213",64637,"9/1/2009 12:00:00 AM","Wheat excluding durum",NA,NA,NA,NA,207,NA,236,182,160.17,NA,"8/7/2020 9:08:35 AM"
"214",64638,"10/1/2009 12:00:00 AM","Wheat excluding durum",NA,NA,NA,NA,195,NA,224,184,150.72,NA,"8/7/2020 9:08:35 AM"
"215",64639,"11/1/2009 12:00:00 AM","Wheat excluding durum",NA,NA,NA,NA,195,NA,223,193,157.5,NA,"8/7/2020 9:08:35 AM"
"216",64640,"12/1/2009 12:00:00 AM","Wheat excluding durum",NA,NA,NA,NA,200,NA,221,212,189.83,NA,"8/7/2020 9:08:35 AM"
"217",64641,"1/1/2010 12:00:00 AM","Wheat excluding durum",NA,NA,NA,NA,205,NA,219,216,128.83,NA,"8/7/2020 9:08:35 AM"
"218",64642,"2/1/2010 12:00:00 AM","Wheat excluding durum",NA,NA,NA,NA,205,NA,224,213,122.71,NA,"8/7/2020 9:08:35 AM"
"219",64643,"3/1/2010 12:00:00 AM","Wheat excluding durum",NA,NA,NA,NA,210,NA,225,222,127.51,NA,"8/7/2020 9:08:35 AM"
"220",64644,"4/1/2010 12:00:00 AM","Wheat excluding durum",NA,NA,NA,NA,210,NA,220,218,133.56,NA,"8/7/2020 9:08:35 AM"
"221",64645,"5/1/2010 12:00:00 AM","Wheat excluding durum",NA,NA,NA,NA,210,NA,220,201,146.56,NA,"8/7/2020 9:08:35 AM"
"222",64646,"6/1/2010 12:00:00 AM","Wheat excluding durum",NA,NA,NA,NA,210,NA,229,194,131.14,NA,"8/7/2020 9:08:35 AM"
"223",64647,"7/1/2010 12:00:00 AM","Wheat excluding durum",NA,NA,NA,NA,210,NA,223,185,144.43,NA,"8/7/2020 9:08:35 AM"
"224",64648,"8/1/2010 12:00:00 AM","Wheat excluding durum",NA,NA,NA,NA,210,NA,216,200,121.43,NA,"8/7/2020 9:08:35 AM"
"225",64649,"9/1/2010 12:00:00 AM","Wheat excluding durum",NA,NA,NA,NA,220,NA,225,235,117.76,NA,"8/7/2020 9:08:35 AM"
"226",64650,"10/1/2010 12:00:00 AM","Wheat excluding durum",NA,NA,NA,NA,220,NA,225,245,145.78,NA,"8/7/2020 9:08:35 AM"
"227",64651,"11/1/2010 12:00:00 AM","Wheat excluding durum",NA,NA,NA,NA,225,NA,230,245,135.47,NA,"8/7/2020 9:08:35 AM"
"228",64652,"12/1/2010 12:00:00 AM","Wheat excluding durum",NA,NA,NA,NA,230,NA,225,245,148.66,NA,"8/7/2020 9:08:35 AM"
"229",64653,"1/1/2011 12:00:00 AM","Wheat excluding durum",NA,NA,NA,NA,235,NA,235,245,150.88,NA,"8/7/2020 9:08:35 AM"
"230",64654,"2/1/2011 12:00:00 AM","Wheat excluding durum",NA,NA,NA,NA,240,NA,241,240,173,NA,"8/7/2020 9:08:35 AM"
"231",64655,"3/1/2011 12:00:00 AM","Wheat excluding durum",NA,NA,NA,NA,230,NA,254,240,170.58,NA,"8/7/2020 9:08:35 AM"
"232",64656,"4/1/2011 12:00:00 AM","Wheat excluding durum",NA,NA,NA,NA,200,NA,260,236,216.58,NA,"8/7/2020 9:08:35 AM"
"233",64657,"5/1/2011 12:00:00 AM","Wheat excluding durum",NA,NA,NA,NA,235,NA,278,265,202.26,NA,"8/7/2020 9:08:35 AM"
"234",64658,"6/1/2011 12:00:00 AM","Wheat excluding durum",NA,NA,NA,NA,245,NA,272,272,180.18,NA,"8/7/2020 9:08:35 AM"
"235",64659,"7/1/2011 12:00:00 AM","Wheat excluding durum",NA,NA,NA,NA,260,NA,285,268,182.82,NA,"8/7/2020 9:08:35 AM"
"236",64660,"8/1/2011 12:00:00 AM","Wheat excluding durum",NA,NA,NA,NA,265,NA,270,271,239.03,NA,"8/7/2020 9:08:35 AM"
"237",64661,"9/1/2011 12:00:00 AM","Wheat excluding durum",NA,NA,NA,NA,268,NA,268,271,239.9,NA,"8/7/2020 9:08:35 AM"
"238",64662,"10/1/2011 12:00:00 AM","Wheat excluding durum",NA,NA,NA,NA,270,NA,265,269,248.31,NA,"8/7/2020 9:08:35 AM"
"239",64663,"11/1/2011 12:00:00 AM","Wheat excluding durum",NA,NA,NA,NA,270,NA,265,269,265.64,NA,"8/7/2020 9:08:35 AM"
"240",64664,"12/1/2011 12:00:00 AM","Wheat excluding durum",NA,NA,NA,NA,272,NA,262,265,228.11,NA,"8/7/2020 9:08:35 AM"
"241",64665,"1/1/2012 12:00:00 AM","Durum",NA,NA,NA,NA,NA,NA,NA,NA,NA,NA,"8/7/2020 9:08:35 AM"
"242",64666,"1/1/2012 12:00:00 AM","Wheat excluding durum",NA,NA,NA,NA,275,NA,270,270,244.46,NA,"8/7/2020 9:08:35 AM"
"243",64667,"2/1/2012 12:00:00 AM","Durum",NA,NA,NA,NA,NA,NA,NA,NA,NA,NA,"8/7/2020 9:08:35 AM"
"244",64668,"2/1/2012 12:00:00 AM","Wheat excluding durum",NA,NA,NA,NA,270,NA,272,270,225.88,NA,"8/7/2020 9:08:35 AM"
"245",64669,"3/1/2012 12:00:00 AM","Durum",NA,NA,NA,NA,NA,NA,NA,NA,NA,NA,"8/7/2020 9:08:35 AM"
"246",64670,"3/1/2012 12:00:00 AM","Wheat excluding durum",NA,NA,NA,NA,265,NA,270,260,235.19,NA,"8/7/2020 9:08:35 AM"
"247",64671,"4/1/2012 12:00:00 AM","Durum",NA,NA,NA,NA,NA,NA,NA,NA,NA,NA,"8/7/2020 9:08:35 AM"
"248",64672,"4/1/2012 12:00:00 AM","Wheat excluding durum",NA,NA,NA,NA,260,NA,265,260,250.39,NA,"8/7/2020 9:08:35 AM"
"249",64673,"5/1/2012 12:00:00 AM","Durum",NA,NA,NA,NA,NA,NA,NA,NA,NA,NA,"8/7/2020 9:08:35 AM"
"250",64674,"5/1/2012 12:00:00 AM","Wheat excluding durum",NA,NA,NA,NA,263,NA,268,265,245.26,NA,"8/7/2020 9:08:35 AM"
"251",64675,"6/1/2012 12:00:00 AM","Durum",NA,NA,NA,NA,NA,NA,NA,NA,NA,NA,"8/7/2020 9:08:35 AM"
"252",64676,"6/1/2012 12:00:00 AM","Wheat excluding durum",NA,NA,NA,NA,267,NA,270,268,246.41,NA,"8/7/2020 9:08:35 AM"
"253",64677,"7/1/2012 12:00:00 AM","Durum",NA,NA,NA,NA,NA,NA,NA,NA,NA,NA,"8/7/2020 9:08:35 AM"
"254",64678,"7/1/2012 12:00:00 AM","Wheat excluding durum",NA,NA,NA,NA,272,NA,275,275,278.24,NA,"8/7/2020 9:08:35 AM"
"255",64679,"8/1/2012 12:00:00 AM","Durum",NA,NA,NA,NA,NA,NA,NA,NA,NA,NA,"8/7/2020 9:08:35 AM"
"256",64680,"8/1/2012 12:00:00 AM","Wheat excluding durum",273.83,273.83,261.44,NA,278,NA,280,280,308.18,262.29,"8/7/2020 9:08:35 AM"
"257",64681,"9/1/2012 12:00:00 AM","Durum",NA,NA,NA,NA,NA,NA,NA,NA,NA,NA,"8/7/2020 9:08:35 AM"
"258",64682,"9/1/2012 12:00:00 AM","Wheat excluding durum",283.7,283.7,282.1,NA,280,NA,282,285,315.04,277.54,"8/7/2020 9:08:35 AM"
"259",64683,"10/1/2012 12:00:00 AM","Durum",NA,NA,NA,NA,NA,NA,NA,NA,NA,NA,"8/7/2020 9:08:35 AM"
"260",64684,"10/1/2012 12:00:00 AM","Wheat excluding durum",279.64,279.64,292.1,NA,288,NA,290,287,315.89,279.27,"8/7/2020 9:08:35 AM"
"261",64685,"11/1/2012 12:00:00 AM","Durum",NA,NA,NA,NA,NA,NA,NA,NA,NA,NA,"8/7/2020 9:08:35 AM"
"262",64686,"11/1/2012 12:00:00 AM","Wheat excluding durum",287.72,287.72,302.84,NA,289,NA,290,289,312.9,287.61,"8/7/2020 9:08:35 AM"
"263",64687,"12/1/2012 12:00:00 AM","Durum",NA,NA,NA,NA,NA,NA,NA,NA,NA,NA,"8/7/2020 9:08:35 AM"
"264",64688,"12/1/2012 12:00:00 AM","Wheat excluding durum",288.71,288.71,307.37,NA,281,NA,282,272,319.95,290.37,"8/7/2020 9:08:35 AM"
"265",64689,"1/1/2013 12:00:00 AM","Durum",NA,NA,NA,NA,NA,NA,NA,NA,NA,NA,"8/7/2020 9:08:35 AM"
"266",64690,"1/1/2013 12:00:00 AM","Wheat excluding durum",294.19,294.19,298.84,NA,285,NA,285,282,315.02,291.15,"8/7/2020 9:08:35 AM"
"267",64691,"2/1/2013 12:00:00 AM","Durum",NA,NA,NA,NA,NA,NA,NA,NA,NA,NA,"8/7/2020 9:08:35 AM"
"268",64692,"2/1/2013 12:00:00 AM","Wheat excluding durum",293.8,293.8,292.94,NA,288,NA,288,285,310.39,282.6,"8/7/2020 9:08:35 AM"
"269",64693,"3/1/2013 12:00:00 AM","Durum",NA,NA,NA,NA,NA,NA,NA,NA,NA,NA,"8/7/2020 9:08:35 AM"
"270",64694,"3/1/2013 12:00:00 AM","Wheat excluding durum",294.57,294.57,291.02,NA,285,NA,282,288,301.6,285.06,"8/7/2020 9:08:35 AM"
"271",64695,"4/1/2013 12:00:00 AM","Durum",NA,NA,NA,NA,NA,NA,NA,NA,NA,NA,"8/7/2020 9:08:35 AM"
"272",64696,"4/1/2013 12:00:00 AM","Wheat excluding durum",295.11,295.11,285.11,NA,280,NA,278,284,294.37,282.84,"8/7/2020 9:08:35 AM"
"273",64697,"5/1/2013 12:00:00 AM","Durum",NA,NA,NA,NA,NA,NA,NA,NA,NA,NA,"8/7/2020 9:08:35 AM"
"274",64698,"5/1/2013 12:00:00 AM","Wheat excluding durum",292.46,292.46,287.27,NA,269,NA,270,271,279.19,282.93,"8/7/2020 9:08:35 AM"
"275",64699,"6/1/2013 12:00:00 AM","Durum",NA,NA,NA,NA,NA,NA,NA,NA,NA,NA,"8/7/2020 9:08:35 AM"
"276",64700,"6/1/2013 12:00:00 AM","Wheat excluding durum",287.04,287.04,282.35,NA,270,NA,278,268,292.97,275.28,"8/7/2020 9:08:35 AM"
"277",64701,"7/1/2013 12:00:00 AM","Durum",NA,NA,NA,NA,NA,NA,NA,NA,NA,NA,"8/7/2020 9:08:35 AM"
"278",64702,"7/1/2013 12:00:00 AM","Wheat excluding durum",275.38,275.38,271.29,NA,263,NA,270,262,285.05,264.99,"8/7/2020 9:08:35 AM"
"279",64703,"8/1/2013 12:00:00 AM","Durum",284.34,NA,NA,NA,NA,NA,NA,NA,NA,286.54,"8/7/2020 9:08:35 AM"
"280",64704,"8/1/2013 12:00:00 AM","Wheat excluding durum",257.42,257.42,251.9,NA,250,NA,251,249,246.36,248.65,"8/7/2020 9:08:35 AM"
"281",64705,"9/1/2013 12:00:00 AM","Durum",270.73,NA,NA,NA,NA,NA,NA,NA,NA,264.61,"8/7/2020 9:08:35 AM"
"282",64706,"9/1/2013 12:00:00 AM","Wheat excluding durum",245.77,245.77,249.83,NA,253.25,NA,241.5,265,242.23,231.04,"8/7/2020 9:08:35 AM"
"283",64707,"10/1/2013 12:00:00 AM","Durum",255.56,NA,NA,NA,NA,NA,NA,NA,NA,248.08,"8/7/2020 9:08:35 AM"
"284",64708,"10/1/2013 12:00:00 AM","Wheat excluding durum",244.91,244.91,245.54,NA,258.6,NA,260.2,257,229.06,234.04,"8/7/2020 9:08:35 AM"
"285",64709,"11/1/2013 12:00:00 AM","Durum",235.6,NA,NA,NA,NA,NA,NA,NA,NA,237.68,"8/7/2020 9:08:35 AM"
"286",64710,"11/1/2013 12:00:00 AM","Wheat excluding durum",241.45,241.45,241.35,NA,258.88,NA,266.5,251.25,234.36,229.05,"8/7/2020 9:08:35 AM"
"287",64711,"12/1/2013 12:00:00 AM","Durum",234.86,NA,NA,NA,NA,NA,NA,NA,NA,222.08,"8/7/2020 9:08:35 AM"
"288",64712,"12/1/2013 12:00:00 AM","Wheat excluding durum",233.94,233.94,232.97,NA,261.06,NA,269.9,250,234.15,222.72,"8/7/2020 9:08:35 AM"
"289",64713,"1/1/2014 12:00:00 AM","Durum",217.92,NA,NA,NA,NA,NA,NA,NA,NA,218.4,"8/7/2020 9:08:35 AM"
"290",64714,"1/1/2014 12:00:00 AM","Wheat excluding durum",226.77,226.77,229.53,NA,260.89,NA,279.5,246,231.21,214.49,"8/7/2020 9:08:35 AM"
"291",64715,"2/1/2014 12:00:00 AM","Durum",224.62,NA,NA,NA,NA,NA,NA,NA,NA,214.04,"8/7/2020 9:08:35 AM"
"292",64716,"2/1/2014 12:00:00 AM","Wheat excluding durum",221.75,221.75,213.57,NA,265.38,NA,285.75,245,233.35,210.63,"8/7/2020 9:08:35 AM"
"293",64717,"3/1/2014 12:00:00 AM","Durum",198.01,NA,NA,NA,NA,NA,NA,NA,NA,213.48,"8/7/2020 9:08:35 AM"
"294",64718,"3/1/2014 12:00:00 AM","Wheat excluding durum",219.9,219.9,216.64,NA,261.33,NA,294,245,247.97,206.56,"8/7/2020 9:08:35 AM"
"295",64719,"4/1/2014 12:00:00 AM","Durum",205.19,NA,NA,NA,NA,NA,NA,NA,NA,209.14,"8/7/2020 9:08:35 AM"
"296",64720,"4/1/2014 12:00:00 AM","Wheat excluding durum",212.41,212.41,215.37,NA,280.69,NA,312.63,248.75,266.58,204.23,"8/7/2020 9:08:35 AM"
"297",64721,"5/1/2014 12:00:00 AM","Durum",212.66,NA,NA,NA,NA,NA,NA,NA,NA,215.62,"8/7/2020 9:08:35 AM"
"298",64722,"5/1/2014 12:00:00 AM","Wheat excluding durum",212.72,212.72,221.11,NA,283.06,NA,318.13,255,259.31,201.5,"8/7/2020 9:08:35 AM"
"299",64723,"6/1/2014 12:00:00 AM","Durum",223.49,NA,NA,NA,NA,NA,NA,NA,NA,221.57,"8/7/2020 9:08:35 AM"
"300",64724,"6/1/2014 12:00:00 AM","Wheat excluding durum",206.03,206.03,219.15,NA,279.06,NA,298.3,255,265.02,196.35,"8/7/2020 9:08:35 AM"
"301",64725,"7/1/2014 12:00:00 AM","Durum",224.78,NA,NA,NA,NA,NA,NA,NA,NA,223.13,"8/7/2020 9:08:35 AM"
"302",64726,"7/1/2014 12:00:00 AM","Wheat excluding durum",196.29,196.29,212.85,NA,257,NA,261,247.82,266.76,193.28,"8/7/2020 9:08:35 AM"
"303",64727,"8/1/2014 12:00:00 AM","Durum",233.93,NA,NA,NA,NA,NA,NA,NA,NA,231.16,"8/7/2020 9:08:35 AM"
"304",64728,"8/1/2014 12:00:00 AM","Wheat excluding durum",192.86,192.86,208.19,NA,234.06,NA,231,207.15,248.04,189.18,"8/7/2020 9:08:35 AM"
"305",64729,"9/1/2014 12:00:00 AM","Durum",244.97,NA,NA,NA,NA,NA,NA,NA,NA,234.34,"8/7/2020 9:08:35 AM"
"306",64730,"9/1/2014 12:00:00 AM","Wheat excluding durum",196.08,196.08,203.72,NA,222.97,NA,230.41,207.39,239.53,186.55,"8/7/2020 9:08:35 AM"
"307",64731,"10/1/2014 12:00:00 AM","Durum",266.67,NA,NA,NA,NA,NA,NA,NA,NA,250.31,"8/7/2020 9:08:35 AM"
"308",64732,"10/1/2014 12:00:00 AM","Wheat excluding durum",198.84,198.84,211.23,NA,221.83,NA,240.29,230,241.75,193.53,"8/7/2020 9:08:35 AM"
"309",64733,"11/1/2014 12:00:00 AM","Durum",336.9,NA,NA,NA,NA,NA,NA,NA,NA,313.74,"8/7/2020 9:08:35 AM"
"310",64734,"11/1/2014 12:00:00 AM","Wheat excluding durum",204.41,204.41,212.9,NA,227.77,NA,250.97,228.75,248.72,193.86,"8/7/2020 9:08:35 AM"
"311",64735,"12/1/2014 12:00:00 AM","Durum",354.13,NA,NA,NA,NA,NA,NA,NA,NA,318.75,"8/7/2020 9:08:35 AM"
"312",64736,"12/1/2014 12:00:00 AM","Wheat excluding durum",209.22,209.22,218.82,NA,233.3,NA,259.22,235,265.99,201.1,"8/7/2020 9:08:35 AM"
"313",64737,"1/1/2015 12:00:00 AM","Durum",374.76,NA,NA,NA,NA,NA,NA,NA,NA,330.3,"8/7/2020 9:08:35 AM"
"314",64738,"1/1/2015 12:00:00 AM","Wheat excluding durum",212.58,212.58,217.71,NA,237.96,NA,270.54,240.71,275.79,201.01,"8/7/2020 9:08:35 AM"
"315",64739,"2/1/2015 12:00:00 AM","Durum",347.83,NA,NA,NA,NA,NA,NA,NA,NA,323.74,"8/7/2020 9:08:35 AM"
"316",64740,"2/1/2015 12:00:00 AM","Wheat excluding durum",216.62,216.62,217.37,NA,242.72,NA,274.19,245.96,273.05,203.92,"8/7/2020 9:08:35 AM"
"317",64741,"3/1/2015 12:00:00 AM","Durum",346.64,NA,NA,NA,NA,NA,NA,NA,NA,312.16,"8/7/2020 9:08:35 AM"
"318",64742,"3/1/2015 12:00:00 AM","Wheat excluding durum",221.62,221.62,219.18,NA,247.58,NA,275.71,248.66,269.13,207.52,"8/7/2020 9:08:35 AM"
"319",64743,"4/1/2015 12:00:00 AM","Durum",344.97,NA,NA,NA,NA,NA,NA,NA,NA,285.41,"8/7/2020 9:08:35 AM"
"320",64744,"4/1/2015 12:00:00 AM","Wheat excluding durum",220.99,220.99,224.1,NA,260.64,NA,274.88,258.14,270.63,202.8,"8/7/2020 9:08:35 AM"
"321",64745,"5/1/2015 12:00:00 AM","Durum",369.32,NA,NA,NA,NA,NA,NA,NA,NA,281.61,"8/7/2020 9:08:35 AM"
"322",64746,"5/1/2015 12:00:00 AM","Wheat excluding durum",221.05,221.05,221.34,NA,257.82,NA,270.71,254.95,265.88,204.2,"8/7/2020 9:08:35 AM"
"323",64747,"6/1/2015 12:00:00 AM","Durum",324.99,NA,NA,NA,NA,NA,NA,NA,NA,266.57,"8/7/2020 9:08:35 AM"
"324",64748,"6/1/2015 12:00:00 AM","Wheat excluding durum",220.22,220.22,220.97,NA,258.39,NA,267.21,265.87,272.12,205.09,"8/7/2020 9:08:35 AM"
"325",64749,"7/1/2015 12:00:00 AM","Durum",379.14,NA,NA,NA,NA,NA,NA,NA,NA,282.15,"8/7/2020 9:08:35 AM"
"326",64750,"7/1/2015 12:00:00 AM","Wheat excluding durum",229.51,229.51,228.99,NA,264.9,NA,263.71,252.96,255.89,214.62,"8/7/2020 9:08:35 AM"
"327",64751,"8/1/2015 12:00:00 AM","Durum",355.17,NA,NA,NA,NA,NA,NA,NA,NA,318.86,"8/7/2020 9:08:35 AM"
"328",64752,"8/1/2015 12:00:00 AM","Wheat excluding durum",220.91,220.91,220.1,NA,250.41,NA,240.81,219.05,252.76,208.1,"8/7/2020 9:08:35 AM"
"329",64753,"9/1/2015 12:00:00 AM","Durum",343.87,NA,NA,NA,NA,NA,NA,NA,NA,327.78,"8/7/2020 9:08:35 AM"
"330",64754,"9/1/2015 12:00:00 AM","Wheat excluding durum",223.95,223.95,223.01,NA,224.6,NA,222.28,185.15,245.75,215.9,"8/7/2020 9:08:35 AM"
"331",64755,"10/1/2015 12:00:00 AM","Durum",338.26,NA,NA,NA,NA,NA,NA,NA,NA,314.59,"8/7/2020 9:08:35 AM"
"332",64756,"10/1/2015 12:00:00 AM","Wheat excluding durum",225.19,225.19,226.29,NA,235.48,NA,245.64,197,239.85,219.23,"8/7/2020 9:08:35 AM"
"333",64757,"11/1/2015 12:00:00 AM","Durum",334.76,NA,NA,NA,NA,NA,NA,NA,NA,287.46,"8/7/2020 9:08:35 AM"
"334",64758,"11/1/2015 12:00:00 AM","Wheat excluding durum",226.24,226.24,224.57,NA,228.16,NA,256.72,247.46,244.19,220.27,"8/7/2020 9:08:35 AM"
"335",64759,"12/1/2015 12:00:00 AM","Durum",321.49,NA,NA,NA,NA,NA,NA,NA,NA,300.91,"8/7/2020 9:08:35 AM"
"336",64760,"12/1/2015 12:00:00 AM","Wheat excluding durum",232.56,232.56,232.89,NA,250.66,NA,253.15,244.17,246.5,227.83,"8/7/2020 9:08:35 AM"
"337",64761,"1/1/2016 12:00:00 AM","Durum",332.57,NA,NA,NA,NA,NA,NA,NA,NA,304.18,"8/7/2020 9:08:35 AM"
"338",64762,"1/1/2016 12:00:00 AM","Wheat excluding durum",235.32,235.32,231.63,NA,251.71,NA,257.46,243.82,245.37,227.53,"8/7/2020 9:08:35 AM"
"339",64763,"2/1/2016 12:00:00 AM","Durum",331.8,NA,NA,NA,NA,NA,NA,NA,NA,301.27,"8/7/2020 9:08:35 AM"
"340",64764,"2/1/2016 12:00:00 AM","Wheat excluding durum",231.29,231.29,224.67,NA,246.3,NA,261.26,242.52,248.2,225.04,"8/7/2020 9:08:35 AM"
"341",64765,"3/1/2016 12:00:00 AM","Durum",325.92,NA,NA,NA,NA,NA,NA,NA,NA,293.47,"8/7/2020 9:08:35 AM"
"342",64766,"3/1/2016 12:00:00 AM","Wheat excluding durum",235.08,235.08,233.15,NA,252.93,NA,257.7,248.57,242.89,228.4,"8/7/2020 9:08:35 AM"
"343",64767,"4/1/2016 12:00:00 AM","Durum",315.74,NA,NA,NA,NA,NA,NA,NA,NA,283.83,"8/7/2020 9:08:35 AM"
"344",64768,"4/1/2016 12:00:00 AM","Wheat excluding durum",235.17,235.17,231.36,NA,276.74,NA,256.33,256.26,235.59,227.35,"8/7/2020 9:08:35 AM"
"345",64769,"5/1/2016 12:00:00 AM","Durum",332.69,NA,NA,NA,NA,NA,NA,NA,NA,286.9,"8/7/2020 9:08:35 AM"
"346",64770,"5/1/2016 12:00:00 AM","Wheat excluding durum",243.65,243.65,239.03,NA,251.62,NA,257.15,261.7,236.38,231.39,"8/7/2020 9:08:35 AM"
"347",64771,"6/1/2016 12:00:00 AM","Durum",300.92,NA,NA,NA,NA,NA,NA,NA,NA,279.53,"8/7/2020 9:08:35 AM"
"348",64772,"6/1/2016 12:00:00 AM","Wheat excluding durum",241.73,241.73,235.65,NA,257.41,NA,252.86,245.44,235.2,230.77,"8/7/2020 9:08:35 AM"
"349",64773,"7/1/2016 12:00:00 AM","Durum",285.93,NA,NA,NA,NA,NA,NA,NA,NA,266.82,"8/7/2020 9:08:35 AM"
"350",64774,"7/1/2016 12:00:00 AM","Wheat excluding durum",234.27,234.27,229.6,NA,246.94,NA,251.54,254.77,239.1,221.77,"8/7/2020 9:08:35 AM"
"351",64775,"8/1/2016 12:00:00 AM","Durum",255.07,NA,NA,NA,NA,NA,NA,NA,NA,240.65,"8/7/2020 9:08:35 AM"
"352",64776,"8/1/2016 12:00:00 AM","Wheat excluding durum",217.59,217.59,214.25,NA,236.58,NA,214.3,169.21,224.35,205.32,"8/7/2020 9:08:35 AM"
"353",64777,"9/1/2016 12:00:00 AM","Durum",248.87,NA,NA,NA,NA,NA,NA,NA,NA,231.63,"8/7/2020 9:08:35 AM"
"354",64778,"9/1/2016 12:00:00 AM","Wheat excluding durum",214.53,214.53,216.6,NA,241.37,NA,236.55,171.08,217.25,201.32,"8/7/2020 9:08:35 AM"
"355",64779,"10/1/2016 12:00:00 AM","Durum",264.37,NA,NA,NA,NA,NA,NA,NA,NA,240.1,"8/7/2020 9:08:35 AM"
"356",64780,"10/1/2016 12:00:00 AM","Wheat excluding durum",217.13,217.13,221.02,NA,222.18,NA,233.81,186.09,213.12,209.98,"8/7/2020 9:08:35 AM"
"357",64781,"11/1/2016 12:00:00 AM","Durum",272.11,NA,NA,NA,NA,NA,NA,NA,NA,249.14,"8/7/2020 9:08:35 AM"
"358",64782,"11/1/2016 12:00:00 AM","Wheat excluding durum",222.36,222.36,226.43,NA,222.34,NA,234.95,216.17,218.49,215.2,"8/7/2020 9:08:35 AM"
"359",64783,"12/1/2016 12:00:00 AM","Durum",283.14,NA,NA,NA,NA,NA,NA,NA,NA,239.63,"8/7/2020 9:08:35 AM"
"360",64784,"12/1/2016 12:00:00 AM","Wheat excluding durum",227.24,227.24,233.29,NA,212.43,NA,236.75,213.02,228.83,215.93,"8/7/2020 9:08:35 AM"
"361",64785,"1/1/2017 12:00:00 AM","Durum",285.16,NA,NA,NA,NA,NA,NA,NA,NA,226.67,"8/7/2020 9:08:35 AM"
"362",64786,"1/1/2017 12:00:00 AM","Wheat excluding durum",228.99,228.99,235.39,NA,221.87,NA,227.86,221.43,230.01,221.69,"8/7/2020 9:08:35 AM"
"363",64787,"2/1/2017 12:00:00 AM","Durum",276.58,NA,NA,NA,NA,NA,NA,NA,NA,193.78,"8/7/2020 9:08:35 AM"
"364",64788,"2/1/2017 12:00:00 AM","Wheat excluding durum",222.93,222.93,231.16,NA,229.59,NA,225.95,220.72,232.69,220.15,"8/7/2020 9:08:35 AM"
"365",64789,"3/1/2017 12:00:00 AM","Durum",267.94,NA,NA,NA,NA,NA,NA,NA,NA,205.53,"8/7/2020 9:08:35 AM"
"366",64790,"3/1/2017 12:00:00 AM","Wheat excluding durum",229.33,229.33,236.99,NA,240.85,NA,225.95,221.21,235.38,220.96,"8/7/2020 9:08:35 AM"
"367",64791,"4/1/2017 12:00:00 AM","Durum",246.28,NA,NA,NA,NA,NA,NA,NA,NA,191.98,"8/7/2020 9:08:35 AM"
"368",64792,"4/1/2017 12:00:00 AM","Wheat excluding durum",231.68,231.68,236.7,NA,238.24,NA,225.95,217.27,238.52,216.19,"8/7/2020 9:08:35 AM"
"369",64793,"5/1/2017 12:00:00 AM","Durum",250.16,NA,NA,NA,NA,NA,NA,NA,NA,206.01,"8/7/2020 9:08:35 AM"
"370",64794,"5/1/2017 12:00:00 AM","Wheat excluding durum",232.47,232.47,239.04,NA,225.01,NA,243.84,220.53,237.25,216.17,"8/7/2020 9:08:35 AM"
"371",64795,"6/1/2017 12:00:00 AM","Durum",255.13,NA,NA,NA,NA,NA,NA,NA,NA,206.42,"8/7/2020 9:08:35 AM"
"372",64796,"6/1/2017 12:00:00 AM","Wheat excluding durum",237.61,237.61,245.96,NA,220.1,NA,246.86,209.9,241.92,225.86,"8/7/2020 9:08:35 AM"
"373",64797,"7/1/2017 12:00:00 AM","Durum",267.77,NA,NA,NA,NA,NA,NA,NA,NA,225.46,"8/7/2020 9:08:35 AM"
"374",64798,"7/1/2017 12:00:00 AM","Wheat excluding durum",241.76,241.76,258.55,NA,217.01,NA,241.41,199.35,243.53,243.06,"8/7/2020 9:08:35 AM"
"375",64799,"8/1/2017 12:00:00 AM","Durum",285.27,NA,NA,NA,NA,NA,NA,NA,NA,249.47,"8/7/2020 9:08:35 AM"
"376",64800,"8/1/2017 12:00:00 AM","Wheat excluding durum",244.05,244.05,255.71,NA,220.32,NA,236.98,160.32,237.55,227.75,"8/7/2020 9:08:35 AM"
"377",64801,"9/1/2017 12:00:00 AM","Durum",292.58,NA,NA,NA,NA,NA,NA,NA,NA,264.09,"8/7/2020 9:08:35 AM"
"378",64802,"9/1/2017 12:00:00 AM","Wheat excluding durum",247.44,247.44,258.53,NA,223.41,NA,220.72,169.64,239.16,239.08,"8/7/2020 9:08:35 AM"
"379",64803,"10/1/2017 12:00:00 AM","Durum",303.69,NA,NA,NA,NA,NA,NA,NA,NA,274.87,"8/7/2020 9:08:35 AM"
"380",64804,"10/1/2017 12:00:00 AM","Wheat excluding durum",251.03,251.03,257.33,NA,218.86,NA,218.2,176.49,235.84,241.18,"8/7/2020 9:08:35 AM"
"381",64805,"11/1/2017 12:00:00 AM","Durum",294.38,NA,NA,NA,NA,NA,NA,NA,NA,276.21,"8/7/2020 9:08:35 AM"
"382",64806,"11/1/2017 12:00:00 AM","Wheat excluding durum",256.17,256.17,261.57,NA,218.57,NA,215.1,183.6,241.27,244.16,"8/7/2020 9:08:35 AM"
"383",64807,"12/1/2017 12:00:00 AM","Durum",284.46,NA,NA,NA,NA,NA,NA,NA,NA,272.1,"8/7/2020 9:08:35 AM"
"384",64808,"12/1/2017 12:00:00 AM","Wheat excluding durum",255.1,255.1,255.01,NA,209.88,NA,212.13,198.8,248.73,243.42,"8/7/2020 9:08:35 AM"
"385",64809,"1/1/2018 12:00:00 AM","Durum",281.37,NA,NA,NA,NA,NA,NA,NA,NA,267.29,"8/7/2020 9:08:35 AM"
"386",64810,"1/1/2018 12:00:00 AM","Wheat excluding durum",252.8,252.8,249.04,NA,215.02,NA,210.98,198.08,247.19,236.81,"8/7/2020 9:08:35 AM"
"387",64811,"2/1/2018 12:00:00 AM","Durum",279.48,NA,NA,NA,NA,NA,NA,NA,NA,262.9,"8/7/2020 9:08:35 AM"
"388",64812,"2/1/2018 12:00:00 AM","Wheat excluding durum",249.46,249.46,245.04,NA,224.95,NA,215.56,205.13,247.65,233.85,"8/7/2020 9:08:35 AM"
"389",64813,"3/1/2018 12:00:00 AM","Durum",272.11,NA,NA,NA,NA,NA,NA,NA,NA,262.64,"8/7/2020 9:08:35 AM"
"390",64814,"3/1/2018 12:00:00 AM","Wheat excluding durum",256.22,256.22,250.2,NA,218.48,NA,230.47,217.91,250.29,233.84,"8/7/2020 9:08:35 AM"
"391",64815,"4/1/2018 12:00:00 AM","Durum",267.45,NA,NA,NA,NA,NA,NA,NA,NA,261.1,"8/7/2020 9:08:35 AM"
"392",64816,"4/1/2018 12:00:00 AM","Wheat excluding durum",251.02,251.02,251.03,NA,224.43,NA,232.99,213.89,245.85,237.17,"8/7/2020 9:08:35 AM"
"393",64817,"5/1/2018 12:00:00 AM","Durum",266.92,NA,NA,NA,NA,NA,NA,NA,NA,256.51,"8/7/2020 9:08:35 AM"
"394",64818,"5/1/2018 12:00:00 AM","Wheat excluding durum",253.59,253.59,251.31,NA,232.69,NA,247.67,237.31,254.39,239.63,"8/7/2020 9:08:35 AM"
"395",64819,"6/1/2018 12:00:00 AM","Durum",263.2,NA,NA,NA,NA,NA,NA,NA,NA,261.81,"8/7/2020 9:08:35 AM"
"396",64820,"6/1/2018 12:00:00 AM","Wheat excluding durum",254.9,254.9,248.66,NA,238.55,NA,241.55,251.37,257.51,239.62,"8/7/2020 9:08:35 AM"
"397",64821,"7/1/2018 12:00:00 AM","Durum",260,NA,NA,NA,NA,NA,NA,NA,NA,255.13,"8/7/2020 9:08:35 AM"
"398",64822,"7/1/2018 12:00:00 AM","Wheat excluding durum",251.31,251.31,243.01,NA,249.29,NA,246.52,251.37,248.38,232.23,"8/7/2020 9:08:35 AM"
"399",64823,"8/1/2018 12:00:00 AM","Durum",257.25,NA,NA,NA,NA,NA,NA,NA,NA,252.97,"8/7/2020 9:08:35 AM"
"400",64824,"8/1/2018 12:00:00 AM","Wheat excluding durum",257.77,257.77,252.45,NA,239.62,NA,236.2,223.49,257.51,244.14,"8/7/2020 9:08:35 AM"
"401",64825,"9/1/2018 12:00:00 AM","Durum",247.99,NA,NA,NA,NA,NA,NA,NA,NA,248.5,"8/7/2020 9:08:35 AM"
"402",64826,"9/1/2018 12:00:00 AM","Wheat excluding durum",256.6,256.6,251.11,NA,238,NA,239.64,216.72,257.59,243.17,"8/7/2020 9:08:35 AM"
"403",64827,"10/1/2018 12:00:00 AM","Durum",244.81,NA,NA,NA,NA,NA,NA,NA,NA,238.79,"8/7/2020 9:08:35 AM"
"404",64828,"10/1/2018 12:00:00 AM","Wheat excluding durum",246.63,246.63,250.88,NA,245.97,NA,233.91,212.37,254.8,242.94,"8/7/2020 9:08:35 AM"
"405",64829,"11/1/2018 12:00:00 AM","Durum",245.35,NA,NA,NA,NA,NA,NA,NA,NA,228.67,"8/7/2020 9:08:35 AM"
"406",64830,"11/1/2018 12:00:00 AM","Wheat excluding durum",253.6,253.6,256.7,NA,247.88,NA,238.5,239,257.12,244.42,"8/7/2020 9:08:35 AM"
"407",64831,"12/1/2018 12:00:00 AM","Durum",239.98,NA,NA,NA,NA,NA,NA,NA,NA,227.47,"8/7/2020 9:08:35 AM"
"408",64832,"12/1/2018 12:00:00 AM","Wheat excluding durum",256.23,256.23,258.1,NA,246.29,NA,243.08,228.92,266.63,249.49,"8/7/2020 9:08:35 AM"
"409",64833,"1/1/2019 12:00:00 AM","Durum",239.4,NA,NA,NA,NA,NA,NA,NA,NA,230.87,"8/7/2020 9:08:35 AM"
"410",64834,"1/1/2019 12:00:00 AM","Wheat excluding durum",249.93,249.93,255.77,NA,251.04,NA,236.24,233.54,274.91,246.95,"8/7/2020 9:08:35 AM"
"411",64835,"2/1/2019 12:00:00 AM","Durum",248.16,NA,NA,NA,NA,NA,NA,NA,NA,238.78,"8/7/2020 9:08:35 AM"
"412",64836,"2/1/2019 12:00:00 AM","Wheat excluding durum",250.43,250.43,253.93,NA,244.68,NA,244.71,234,283.81,246.09,"8/7/2020 9:08:35 AM"
"413",64837,"3/1/2019 12:00:00 AM","Durum",251.45,NA,NA,NA,NA,NA,NA,NA,NA,240.65,"8/7/2020 9:08:35 AM"
"414",64838,"3/1/2019 12:00:00 AM","Wheat excluding durum",252.49,252.49,252.96,NA,247.54,NA,241.54,239.92,281.91,249.16,"8/7/2020 9:08:35 AM"
"415",64839,"4/1/2019 12:00:00 AM","Durum",251.14,NA,NA,NA,NA,NA,NA,NA,NA,243.68,"8/7/2020 9:08:35 AM"
"416",64840,"4/1/2019 12:00:00 AM","Wheat excluding durum",253.27,253.27,249.8,NA,250.86,NA,241.54,236.47,278.76,242.45,"8/7/2020 9:08:35 AM"
"417",64841,"5/1/2019 12:00:00 AM","Durum",252.07,NA,NA,NA,NA,NA,NA,NA,NA,244.61,"8/7/2020 9:08:35 AM"
"418",64842,"5/1/2019 12:00:00 AM","Wheat excluding durum",248.4,248.4,247.95,NA,248.49,NA,233.06,237.43,283.63,239.3,"8/7/2020 9:08:35 AM"
"419",64843,"6/1/2019 12:00:00 AM","Durum",254.23,NA,NA,NA,NA,NA,NA,NA,NA,250.77,"8/7/2020 9:08:35 AM"
"420",64844,"6/1/2019 12:00:00 AM","Wheat excluding durum",254.18,254.18,247.39,NA,253.82,NA,241.54,239.63,286.69,242.95,"8/7/2020 9:08:35 AM"
"421",64845,"7/1/2019 12:00:00 AM","Durum",256.73,NA,NA,NA,NA,NA,NA,NA,NA,253.13,"8/7/2020 9:08:35 AM"
"422",64846,"7/1/2019 12:00:00 AM","Wheat excluding durum",249.64,249.64,239.26,NA,264.05,NA,237.3,245.07,283.09,236.27,"8/7/2020 9:08:35 AM"
"423",64847,"8/1/2019 12:00:00 AM","Durum",255.38,NA,NA,NA,NA,NA,NA,NA,NA,251.26,"8/7/2020 9:08:35 AM"
"424",64848,"8/1/2019 12:00:00 AM","Wheat excluding durum",240.51,240.51,225.96,NA,264.05,NA,234.76,233.53,263.95,224.99,"8/7/2020 9:08:35 AM"
"425",64849,"9/1/2019 12:00:00 AM","Durum",259.03,NA,NA,NA,NA,NA,NA,NA,NA,243.25,"8/7/2020 9:08:35 AM"
"426",64850,"9/1/2019 12:00:00 AM","Wheat excluding durum",234.06,234.06,219.86,NA,248.42,NA,233.06,199.9,265.77,213.62,"8/7/2020 9:08:35 AM"
"427",64851,"10/1/2019 12:00:00 AM","Durum",283.42,NA,NA,NA,NA,NA,NA,NA,NA,238.64,"8/7/2020 9:08:35 AM"
"428",64852,"10/1/2019 12:00:00 AM","Wheat excluding durum",232.57,232.57,235.31,NA,254.33,NA,239.32,230.58,264.63,215.46,"8/7/2020 9:08:35 AM"
"429",64853,"11/1/2019 12:00:00 AM","Durum",298.86,NA,NA,NA,NA,NA,NA,NA,NA,246.88,"8/7/2020 9:08:35 AM"
"430",64854,"11/1/2019 12:00:00 AM","Wheat excluding durum",228.6,228.6,236.68,NA,242.82,NA,238.88,236.38,262.33,212.48,"8/7/2020 9:08:35 AM"
"431",64855,"12/1/2019 12:00:00 AM","Durum",294.22,NA,NA,NA,NA,NA,NA,NA,NA,239.57,"8/7/2020 9:08:35 AM"
"432",64856,"12/1/2019 12:00:00 AM","Wheat excluding durum",235.16,235.16,240.76,NA,280.55,NA,241.52,253.27,260.82,213.01,"8/7/2020 9:08:35 AM"
"433",64857,"1/1/2020 12:00:00 AM","Durum",294.38,NA,NA,NA,NA,NA,NA,NA,NA,245.06,"8/7/2020 9:08:35 AM"
"434",64858,"1/1/2020 12:00:00 AM","Wheat excluding durum",238.54,238.54,247.56,NA,289.31,NA,255.67,268.11,267.18,219.58,"8/7/2020 9:08:35 AM"
"435",64859,"2/1/2020 12:00:00 AM","Durum",296.23,NA,NA,NA,NA,NA,NA,NA,NA,251.27,"8/7/2020 9:08:35 AM"
"436",64860,"2/1/2020 12:00:00 AM","Wheat excluding durum",238.67,238.67,233.84,NA,270.78,NA,258,265.32,264.41,219.62,"8/7/2020 9:08:35 AM"
"437",64861,"3/1/2020 12:00:00 AM","Durum",296.25,NA,NA,NA,NA,NA,NA,NA,NA,260.66,"8/7/2020 9:08:35 AM"
"438",64862,"3/1/2020 12:00:00 AM","Wheat excluding durum",233.38,233.38,240.33,NA,274.46,NA,262.65,271.77,274.96,218.99,"8/7/2020 9:08:35 AM"
"439",64863,"4/1/2020 12:00:00 AM","Durum",289.07,NA,NA,NA,NA,NA,NA,NA,NA,270.52,"8/7/2020 9:08:35 AM"
"440",64864,"4/1/2020 12:00:00 AM","Wheat excluding durum",238.01,238.01,242.09,NA,269.56,NA,255.67,279.66,278.01,219.61,"8/7/2020 9:08:35 AM"
"441",64865,"5/1/2020 12:00:00 AM","Durum",308.44,NA,NA,NA,NA,NA,NA,NA,NA,281.1,"8/7/2020 9:08:35 AM"
"442",64866,"5/1/2020 12:00:00 AM","Wheat excluding durum",240.4,240.4,243.47,NA,280.76,NA,264.97,270.43,274.42,223.34,"8/7/2020 9:08:35 AM"
"443",64867,"6/1/2020 12:00:00 AM","Durum",309.87,NA,NA,NA,NA,NA,NA,NA,NA,281.75,"8/7/2020 9:08:35 AM"
"444",64868,"6/1/2020 12:00:00 AM","Wheat excluding durum",231.82,231.82,237.5,NA,284.26,NA,275.57,290.96,272.34,224.57,"8/7/2020 9:08:35 AM"
